<TICKER>;<PER>;<DATE>;<TIME>;<CLOSE>
GDAX.BTC-USD;D;20191031;000000;9159.4800000
GDAX.BTC-USD;D;20191101;000000;9253.1200000
GDAX.BTC-USD;D;20191102;000000;9308.5200000
GDAX.BTC-USD;D;20191103;000000;9206.5200000
GDAX.BTC-USD;D;20191104;000000;9412.5300000
GDAX.BTC-USD;D;20191105;000000;9322.0900000
GDAX.BTC-USD;D;20191106;000000;9341.2700000
GDAX.BTC-USD;D;20191107;000000;9198.8400000
GDAX.BTC-USD;D;20191108;000000;8763.0100000
GDAX.BTC-USD;D;20191109;000000;8807.8900000
GDAX.BTC-USD;D;20191110;000000;9032.2300000
GDAX.BTC-USD;D;20191111;000000;8721.5400000
GDAX.BTC-USD;D;20191112;000000;8810.0000000
GDAX.BTC-USD;D;20191113;000000;8758.3400000
GDAX.BTC-USD;D;20191114;000000;8630.0000000
GDAX.BTC-USD;D;20191115;000000;8457.4800000
GDAX.BTC-USD;D;20191116;000000;8481.0000000
GDAX.BTC-USD;D;20191117;000000;8500.0100000
GDAX.BTC-USD;D;20191118;000000;8168.8400000
GDAX.BTC-USD;D;20191119;000000;8123.3600000
GDAX.BTC-USD;D;20191120;000000;8082.9600000
GDAX.BTC-USD;D;20191121;000000;7616.4600000
GDAX.BTC-USD;D;20191122;000000;7283.0300000
GDAX.BTC-USD;D;20191123;000000;7329.2900000
GDAX.BTC-USD;D;20191124;000000;6908.6400000
GDAX.BTC-USD;D;20191125;000000;7127.0100000
GDAX.BTC-USD;D;20191126;000000;7162.6700000
GDAX.BTC-USD;D;20191127;000000;7523.7200000
GDAX.BTC-USD;D;20191128;000000;7432.4100000
GDAX.BTC-USD;D;20191129;000000;7760.0000000
GDAX.BTC-USD;D;20191130;000000;7555.9200000
GDAX.BTC-USD;D;20191201;000000;7404.2700000
GDAX.BTC-USD;D;20191202;000000;7305.0100000
GDAX.BTC-USD;D;20191203;000000;7302.9400000
GDAX.BTC-USD;D;20191204;000000;7198.9900000
GDAX.BTC-USD;D;20191205;000000;7393.5400000
GDAX.BTC-USD;D;20191206;000000;7540.0800000
GDAX.BTC-USD;D;20191207;000000;7502.1900000
GDAX.BTC-USD;D;20191208;000000;7520.0000000
GDAX.BTC-USD;D;20191209;000000;7337.5100000
GDAX.BTC-USD;D;20191210;000000;7219.3700000
GDAX.BTC-USD;D;20191211;000000;7201.2300000
GDAX.BTC-USD;D;20191212;000000;7185.9100000
GDAX.BTC-USD;D;20191213;000000;7249.9000000
GDAX.BTC-USD;D;20191214;000000;7062.9100000
GDAX.BTC-USD;D;20191215;000000;7111.0000000
GDAX.BTC-USD;D;20191216;000000;6877.0300000
GDAX.BTC-USD;D;20191217;000000;6616.6200000
GDAX.BTC-USD;D;20191218;000000;7285.5300000
GDAX.BTC-USD;D;20191219;000000;7149.1200000
GDAX.BTC-USD;D;20191220;000000;7190.0000000
GDAX.BTC-USD;D;20191221;000000;7143.0100000
GDAX.BTC-USD;D;20191222;000000;7513.0600000
GDAX.BTC-USD;D;20191223;000000;7310.7900000
GDAX.BTC-USD;D;20191224;000000;7255.0100000
GDAX.BTC-USD;D;20191225;000000;7192.1200000
GDAX.BTC-USD;D;20191226;000000;7194.1300000
GDAX.BTC-USD;D;20191227;000000;7245.8300000
GDAX.BTC-USD;D;20191228;000000;7302.6700000
GDAX.BTC-USD;D;20191229;000000;7384.8900000
GDAX.BTC-USD;D;20191230;000000;7218.0000000
GDAX.BTC-USD;D;20191231;000000;7165.7200000
GDAX.BTC-USD;D;20200101;000000;7174.3300000
GDAX.BTC-USD;D;20200102;000000;6945.0200000
GDAX.BTC-USD;D;20200103;000000;7334.4500000
GDAX.BTC-USD;D;20200104;000000;7348.6300000
GDAX.BTC-USD;D;20200105;000000;7355.4000000
GDAX.BTC-USD;D;20200106;000000;7764.6300000
GDAX.BTC-USD;D;20200107;000000;8158.5200000
GDAX.BTC-USD;D;20200108;000000;8045.5100000
GDAX.BTC-USD;D;20200109;000000;7813.7800000
GDAX.BTC-USD;D;20200110;000000;8198.0900000
GDAX.BTC-USD;D;20200111;000000;8020.0000000
GDAX.BTC-USD;D;20200112;000000;8180.8100000
GDAX.BTC-USD;D;20200113;000000;8104.5000000
GDAX.BTC-USD;D;20200114;000000;8815.6900000
GDAX.BTC-USD;D;20200115;000000;8808.8100000
GDAX.BTC-USD;D;20200116;000000;8714.7600000
GDAX.BTC-USD;D;20200117;000000;8899.4200000
GDAX.BTC-USD;D;20200118;000000;8909.3200000
GDAX.BTC-USD;D;20200119;000000;8697.5300000
GDAX.BTC-USD;D;20200120;000000;8628.8900000
GDAX.BTC-USD;D;20200121;000000;8722.0300000
GDAX.BTC-USD;D;20200122;000000;8660.3800000
GDAX.BTC-USD;D;20200123;000000;8385.2200000
GDAX.BTC-USD;D;20200124;000000;8427.2600000
GDAX.BTC-USD;D;20200125;000000;8326.8100000
GDAX.BTC-USD;D;20200126;000000;8595.0000000
GDAX.BTC-USD;D;20200127;000000;8895.9600000
GDAX.BTC-USD;D;20200128;000000;9394.5000000
GDAX.BTC-USD;D;20200129;000000;9288.4400000
GDAX.BTC-USD;D;20200130;000000;9503.0800000
GDAX.BTC-USD;D;20200131;000000;9334.9800000
GDAX.BTC-USD;D;20200201;000000;9380.1800000
GDAX.BTC-USD;D;20200202;000000;9323.5000000
GDAX.BTC-USD;D;20200203;000000;9280.4900000
GDAX.BTC-USD;D;20200204;000000;9164.3300000
GDAX.BTC-USD;D;20200205;000000;9613.8200000
GDAX.BTC-USD;D;20200206;000000;9763.0100000
GDAX.BTC-USD;D;20200207;000000;9808.0500000
GDAX.BTC-USD;D;20200208;000000;9905.6400000
GDAX.BTC-USD;D;20200209;000000;10168.3500000
GDAX.BTC-USD;D;20200210;000000;9851.7800000
GDAX.BTC-USD;D;20200211;000000;10270.0100000
GDAX.BTC-USD;D;20200212;000000;10351.1300000
GDAX.BTC-USD;D;20200213;000000;10236.4900000
GDAX.BTC-USD;D;20200214;000000;10371.3300000
GDAX.BTC-USD;D;20200215;000000;9911.2200000
GDAX.BTC-USD;D;20200216;000000;9921.0000000
GDAX.BTC-USD;D;20200217;000000;9700.0000000
GDAX.BTC-USD;D;20200218;000000;10188.0400000
GDAX.BTC-USD;D;20200219;000000;9600.0800000
GDAX.BTC-USD;D;20200220;000000;9610.0500000
GDAX.BTC-USD;D;20200221;000000;9695.6600000
GDAX.BTC-USD;D;20200222;000000;9668.2300000
GDAX.BTC-USD;D;20200223;000000;9965.0100000
GDAX.BTC-USD;D;20200224;000000;9660.0000000
GDAX.BTC-USD;D;20200225;000000;9305.0000000
GDAX.BTC-USD;D;20200226;000000;8778.3000000
GDAX.BTC-USD;D;20200227;000000;8812.4900000
GDAX.BTC-USD;D;20200228;000000;8708.8900000
GDAX.BTC-USD;D;20200229;000000;8525.0700000
GDAX.BTC-USD;D;20200301;000000;8522.3100000
GDAX.BTC-USD;D;20200302;000000;8915.0000000
GDAX.BTC-USD;D;20200303;000000;8757.8400000
GDAX.BTC-USD;D;20200304;000000;8760.6600000
GDAX.BTC-USD;D;20200305;000000;9070.1700000
GDAX.BTC-USD;D;20200306;000000;9158.5100000
GDAX.BTC-USD;D;20200307;000000;8901.3700000
GDAX.BTC-USD;D;20200308;000000;8037.7600000
GDAX.BTC-USD;D;20200309;000000;7934.5200000
GDAX.BTC-USD;D;20200310;000000;7894.6800000
GDAX.BTC-USD;D;20200311;000000;7938.0500000
GDAX.BTC-USD;D;20200312;000000;4857.1000000
GDAX.BTC-USD;D;20200313;000000;5637.6000000
GDAX.BTC-USD;D;20200314;000000;5165.2500000
GDAX.BTC-USD;D;20200315;000000;5345.3500000
GDAX.BTC-USD;D;20200316;000000;5037.6100000
GDAX.BTC-USD;D;20200317;000000;5331.7100000
GDAX.BTC-USD;D;20200318;000000;5413.6400000
GDAX.BTC-USD;D;20200319;000000;6186.2600000
GDAX.BTC-USD;D;20200320;000000;6206.1000000
GDAX.BTC-USD;D;20200321;000000;6198.7800000
GDAX.BTC-USD;D;20200322;000000;5818.2500000
GDAX.BTC-USD;D;20200323;000000;6490.6300000
GDAX.BTC-USD;D;20200324;000000;6766.6400000
GDAX.BTC-USD;D;20200325;000000;6690.9600000
GDAX.BTC-USD;D;20200326;000000;6758.1800000
GDAX.BTC-USD;D;20200327;000000;6372.3600000
GDAX.BTC-USD;D;20200328;000000;6251.8200000
GDAX.BTC-USD;D;20200329;000000;5877.2100000
GDAX.BTC-USD;D;20200330;000000;6406.4000000
GDAX.BTC-USD;D;20200331;000000;6424.3500000
GDAX.BTC-USD;D;20200401;000000;6666.1100000
GDAX.BTC-USD;D;20200402;000000;6804.5200000
GDAX.BTC-USD;D;20200403;000000;6741.9900000
GDAX.BTC-USD;D;20200404;000000;6874.7700000
GDAX.BTC-USD;D;20200405;000000;6778.2500000
GDAX.BTC-USD;D;20200406;000000;7341.5600000
GDAX.BTC-USD;D;20200407;000000;7200.0100000
GDAX.BTC-USD;D;20200408;000000;7370.1100000
GDAX.BTC-USD;D;20200409;000000;7293.2400000
GDAX.BTC-USD;D;20200410;000000;6871.9100000
GDAX.BTC-USD;D;20200411;000000;6889.6500000
GDAX.BTC-USD;D;20200412;000000;6908.1300000
GDAX.BTC-USD;D;20200413;000000;6861.2100000
GDAX.BTC-USD;D;20200414;000000;6877.3700000
GDAX.BTC-USD;D;20200415;000000;6624.1200000
GDAX.BTC-USD;D;20200416;000000;7112.6400000
GDAX.BTC-USD;D;20200417;000000;7037.4600000
GDAX.BTC-USD;D;20200418;000000;7261.7600000
GDAX.BTC-USD;D;20200419;000000;7130.7100000
GDAX.BTC-USD;D;20200420;000000;6838.1900000
GDAX.BTC-USD;D;20200421;000000;6853.6800000
GDAX.BTC-USD;D;20200422;000000;7136.8400000
GDAX.BTC-USD;D;20200423;000000;7488.8300000
GDAX.BTC-USD;D;20200424;000000;7514.6400000
GDAX.BTC-USD;D;20200425;000000;7547.6100000
GDAX.BTC-USD;D;20200426;000000;7706.4000000
GDAX.BTC-USD;D;20200427;000000;7789.7700000
GDAX.BTC-USD;D;20200428;000000;7755.0100000
GDAX.BTC-USD;D;20200429;000000;8793.7500000
GDAX.BTC-USD;D;20200430;000000;8624.2800000
GDAX.BTC-USD;D;20200501;000000;8829.4200000
GDAX.BTC-USD;D;20200502;000000;8985.5800000
GDAX.BTC-USD;D;20200503;000000;8909.9500000
GDAX.BTC-USD;D;20200504;000000;8883.5300000
GDAX.BTC-USD;D;20200505;000000;9028.7900000
GDAX.BTC-USD;D;20200506;000000;9155.7900000
GDAX.BTC-USD;D;20200507;000000;10004.7700000
GDAX.BTC-USD;D;20200508;000000;9810.0000000
GDAX.BTC-USD;D;20200509;000000;9537.2100000
GDAX.BTC-USD;D;20200510;000000;8729.8600000
GDAX.BTC-USD;D;20200511;000000;8572.4000000
GDAX.BTC-USD;D;20200512;000000;8821.4200000
GDAX.BTC-USD;D;20200513;000000;9321.2600000
GDAX.BTC-USD;D;20200514;000000;9795.3400000
GDAX.BTC-USD;D;20200515;000000;9312.1000000
GDAX.BTC-USD;D;20200516;000000;9383.1600000
GDAX.BTC-USD;D;20200517;000000;9676.6300000
GDAX.BTC-USD;D;20200518;000000;9728.5200000
GDAX.BTC-USD;D;20200519;000000;9783.7600000
GDAX.BTC-USD;D;20200520;000000;9509.4100000
GDAX.BTC-USD;D;20200521;000000;9061.9600000
GDAX.BTC-USD;D;20200522;000000;9168.8400000
GDAX.BTC-USD;D;20200523;000000;9181.7600000
GDAX.BTC-USD;D;20200524;000000;8715.7300000
GDAX.BTC-USD;D;20200525;000000;8899.3100000
GDAX.BTC-USD;D;20200526;000000;8844.4200000
GDAX.BTC-USD;D;20200527;000000;9208.5300000
GDAX.BTC-USD;D;20200528;000000;9581.0950000
GDAX.BTC-USD;D;20200529;000000;9423.8400000
GDAX.BTC-USD;D;20200530;000000;9700.3300000
GDAX.BTC-USD;D;20200531;000000;9446.5700000
GDAX.BTC-USD;D;20200601;000000;10208.9600000
GDAX.BTC-USD;D;20200602;000000;9522.4600000
GDAX.BTC-USD;D;20200603;000000;9668.0700000
GDAX.BTC-USD;D;20200604;000000;9788.0300000
GDAX.BTC-USD;D;20200605;000000;9613.2100000
GDAX.BTC-USD;D;20200606;000000;9671.7000000
GDAX.BTC-USD;D;20200607;000000;9750.1200000
GDAX.BTC-USD;D;20200608;000000;9781.5100000
GDAX.BTC-USD;D;20200609;000000;9779.4100000
GDAX.BTC-USD;D;20200610;000000;9894.0400000
GDAX.BTC-USD;D;20200611;000000;9268.1600000
GDAX.BTC-USD;D;20200612;000000;9464.1700000
GDAX.BTC-USD;D;20200613;000000;9475.0000000
GDAX.BTC-USD;D;20200614;000000;9325.0000000
GDAX.BTC-USD;D;20200615;000000;9432.5300000
GDAX.BTC-USD;D;20200616;000000;9526.2500000
GDAX.BTC-USD;D;20200617;000000;9457.5100000
GDAX.BTC-USD;D;20200618;000000;9376.1400000
GDAX.BTC-USD;D;20200619;000000;9301.9100000
GDAX.BTC-USD;D;20200620;000000;9355.7400000
GDAX.BTC-USD;D;20200621;000000;9286.1400000
GDAX.BTC-USD;D;20200622;000000;9690.7400000
GDAX.BTC-USD;D;20200623;000000;9623.5600000
GDAX.BTC-USD;D;20200624;000000;9285.9100000
GDAX.BTC-USD;D;20200625;000000;9243.5100000
GDAX.BTC-USD;D;20200626;000000;9155.4200000
GDAX.BTC-USD;D;20200627;000000;9002.4600000
GDAX.BTC-USD;D;20200628;000000;9113.2400000
GDAX.BTC-USD;D;20200629;000000;9184.4500000
GDAX.BTC-USD;D;20200630;000000;9136.2000000
GDAX.BTC-USD;D;20200701;000000;9239.9700000
GDAX.BTC-USD;D;20200702;000000;9091.5300000
GDAX.BTC-USD;D;20200703;000000;9063.8700000
GDAX.BTC-USD;D;20200704;000000;9138.5100000
GDAX.BTC-USD;D;20200705;000000;9074.3900000
GDAX.BTC-USD;D;20200706;000000;9343.3100000
GDAX.BTC-USD;D;20200707;000000;9253.9400000
GDAX.BTC-USD;D;20200708;000000;9435.2800000
GDAX.BTC-USD;D;20200709;000000;9236.9500000
GDAX.BTC-USD;D;20200710;000000;9291.0500000
GDAX.BTC-USD;D;20200711;000000;9235.0000000
GDAX.BTC-USD;D;20200712;000000;9303.3700000
GDAX.BTC-USD;D;20200713;000000;9236.9200000
GDAX.BTC-USD;D;20200714;000000;9256.9400000
GDAX.BTC-USD;D;20200715;000000;9190.1600000
GDAX.BTC-USD;D;20200716;000000;9130.1100000
GDAX.BTC-USD;D;20200717;000000;9154.2900000
GDAX.BTC-USD;D;20200718;000000;9175.8500000
GDAX.BTC-USD;D;20200719;000000;9212.8700000
GDAX.BTC-USD;D;20200720;000000;9161.0500000
GDAX.BTC-USD;D;20200721;000000;9394.1400000
GDAX.BTC-USD;D;20200722;000000;9536.1800000
GDAX.BTC-USD;D;20200723;000000;9613.2400000
GDAX.BTC-USD;D;20200724;000000;9551.2100000
GDAX.BTC-USD;D;20200725;000000;9711.3300000
GDAX.BTC-USD;D;20200726;000000;9941.0000000
GDAX.BTC-USD;D;20200727;000000;11048.9100000
GDAX.BTC-USD;D;20200728;000000;10934.2300000
GDAX.BTC-USD;D;20200729;000000;11110.1200000
GDAX.BTC-USD;D;20200730;000000;11115.9500000
GDAX.BTC-USD;D;20200731;000000;11351.6200000
GDAX.BTC-USD;D;20200801;000000;11810.0700000
GDAX.BTC-USD;D;20200802;000000;11068.5400000
GDAX.BTC-USD;D;20200803;000000;11233.1300000
GDAX.BTC-USD;D;20200804;000000;11197.0400000
GDAX.BTC-USD;D;20200805;000000;11756.7500000
GDAX.BTC-USD;D;20200806;000000;11773.8900000
GDAX.BTC-USD;D;20200807;000000;11606.5200000
GDAX.BTC-USD;D;20200808;000000;11774.9800000
GDAX.BTC-USD;D;20200809;000000;11688.4800000
GDAX.BTC-USD;D;20200810;000000;11899.7300000
GDAX.BTC-USD;D;20200811;000000;11388.5300000
GDAX.BTC-USD;D;20200812;000000;11566.4500000
GDAX.BTC-USD;D;20200813;000000;11795.9500000
GDAX.BTC-USD;D;20200814;000000;11779.0000000
GDAX.BTC-USD;D;20200815;000000;11859.2400000
GDAX.BTC-USD;D;20200816;000000;11918.8400000
GDAX.BTC-USD;D;20200817;000000;12304.2600000
GDAX.BTC-USD;D;20200818;000000;11950.0000000
GDAX.BTC-USD;D;20200819;000000;11758.8700000
GDAX.BTC-USD;D;20200820;000000;11864.2600000
GDAX.BTC-USD;D;20200821;000000;11529.2200000
GDAX.BTC-USD;D;20200822;000000;11672.9300000
GDAX.BTC-USD;D;20200823;000000;11650.0100000
GDAX.BTC-USD;D;20200824;000000;11753.8500000
GDAX.BTC-USD;D;20200825;000000;11324.9200000
GDAX.BTC-USD;D;20200826;000000;11463.2700000
GDAX.BTC-USD;D;20200827;000000;11330.0600000
GDAX.BTC-USD;D;20200828;000000;11535.0000000
GDAX.BTC-USD;D;20200829;000000;11474.3100000
GDAX.BTC-USD;D;20200830;000000;11716.0100000
GDAX.BTC-USD;D;20200831;000000;11655.0000000
GDAX.BTC-USD;D;20200901;000000;11924.2200000
GDAX.BTC-USD;D;20200902;000000;11395.4800000
GDAX.BTC-USD;D;20200903;000000;10172.5200000
GDAX.BTC-USD;D;20200904;000000;10500.0500000
GDAX.BTC-USD;D;20200905;000000;10168.3600000
GDAX.BTC-USD;D;20200906;000000;10257.8600000
GDAX.BTC-USD;D;20200907;000000;10375.0000000
GDAX.BTC-USD;D;20200908;000000;10125.6900000
GDAX.BTC-USD;D;20200909;000000;10224.5600000
GDAX.BTC-USD;D;20200910;000000;10343.2300000
GDAX.BTC-USD;D;20200911;000000;10394.4100000
GDAX.BTC-USD;D;20200912;000000;10446.5200000
GDAX.BTC-USD;D;20200913;000000;10336.7600000
GDAX.BTC-USD;D;20200914;000000;10679.9500000
GDAX.BTC-USD;D;20200915;000000;10783.7500000
GDAX.BTC-USD;D;20200916;000000;10959.6100000
GDAX.BTC-USD;D;20200917;000000;10943.6100000
GDAX.BTC-USD;D;20200918;000000;10937.5200000
GDAX.BTC-USD;D;20200919;000000;11080.0000000
GDAX.BTC-USD;D;20200920;000000;10920.8900000
GDAX.BTC-USD;D;20200921;000000;10416.8200000
GDAX.BTC-USD;D;20200922;000000;10531.1300000
GDAX.BTC-USD;D;20200923;000000;10235.1000000
GDAX.BTC-USD;D;20200924;000000;10740.0100000
GDAX.BTC-USD;D;20200925;000000;10690.5300000
GDAX.BTC-USD;D;20200926;000000;10730.0000000
GDAX.BTC-USD;D;20200927;000000;10778.2000000
GDAX.BTC-USD;D;20200928;000000;10695.5500000
GDAX.BTC-USD;D;20200929;000000;10840.7300000
GDAX.BTC-USD;D;20200930;000000;10779.6300000
GDAX.BTC-USD;D;20201001;000000;10617.6300000
GDAX.BTC-USD;D;20201002;000000;10573.1200000
GDAX.BTC-USD;D;20201003;000000;10551.6500000
GDAX.BTC-USD;D;20201004;000000;10671.1100000
GDAX.BTC-USD;D;20201005;000000;10795.0000000
GDAX.BTC-USD;D;20201006;000000;10602.6600000
GDAX.BTC-USD;D;20201007;000000;10670.4700000
GDAX.BTC-USD;D;20201008;000000;10933.0900000
GDAX.BTC-USD;D;20201009;000000;11057.0700000
GDAX.BTC-USD;D;20201010;000000;11299.5000000
GDAX.BTC-USD;D;20201011;000000;11374.0100000
GDAX.BTC-USD;D;20201012;000000;11535.4600000
GDAX.BTC-USD;D;20201013;000000;11428.2200000
GDAX.BTC-USD;D;20201014;000000;11427.7000000
GDAX.BTC-USD;D;20201015;000000;11509.3400000
GDAX.BTC-USD;D;20201016;000000;11328.9500000
GDAX.BTC-USD;D;20201017;000000;11367.8900000
GDAX.BTC-USD;D;20201018;000000;11514.2000000
GDAX.BTC-USD;D;20201019;000000;11760.4500000
GDAX.BTC-USD;D;20201020;000000;11923.8300000
GDAX.BTC-USD;D;20201021;000000;12808.0000000
GDAX.BTC-USD;D;20201022;000000;12987.0200000
GDAX.BTC-USD;D;20201023;000000;12937.0900000
GDAX.BTC-USD;D;20201024;000000;13126.2400000
GDAX.BTC-USD;D;20201025;000000;13045.0000000
GDAX.BTC-USD;D;20201026;000000;13068.7900000
GDAX.BTC-USD;D;20201027;000000;13698.1800000
GDAX.BTC-USD;D;20201028;000000;13281.0500000
GDAX.BTC-USD;D;20201029;000000;13460.0000000
GDAX.BTC-USD;D;20201030;000000;13571.5100000
GDAX.BTC-USD;D;20201031;000000;13804.8100000
GDAX.BTC-USD;D;20201101;000000;13771.5900000
GDAX.BTC-USD;D;20201102;000000;13563.2200000
GDAX.BTC-USD;D;20201103;000000;14035.8000000
GDAX.BTC-USD;D;20201104;000000;14161.4800000
GDAX.BTC-USD;D;20201105;000000;15608.2100000
GDAX.BTC-USD;D;20201106;000000;15599.9500000
GDAX.BTC-USD;D;20201107;000000;14834.0900000
GDAX.BTC-USD;D;20201108;000000;15482.9000000
GDAX.BTC-USD;D;20201109;000000;15342.2500000
GDAX.BTC-USD;D;20201110;000000;15315.0300000
GDAX.BTC-USD;D;20201111;000000;15705.7900000
GDAX.BTC-USD;D;20201112;000000;16310.8100000
GDAX.BTC-USD;D;20201113;000000;16339.5600000
GDAX.BTC-USD;D;20201114;000000;16082.0100000
GDAX.BTC-USD;D;20201115;000000;15966.8900000
GDAX.BTC-USD;D;20201116;000000;16726.6400000
GDAX.BTC-USD;D;20201117;000000;17679.3600000
GDAX.BTC-USD;D;20201118;000000;17782.9100000
GDAX.BTC-USD;D;20201119;000000;17821.5800000
GDAX.BTC-USD;D;20201120;000000;18675.2500000
GDAX.BTC-USD;D;20201121;000000;18721.2100000
GDAX.BTC-USD;D;20201122;000000;18437.6600000
GDAX.BTC-USD;D;20201123;000000;18384.8200000
GDAX.BTC-USD;D;20201124;000000;19172.8400000
GDAX.BTC-USD;D;20201125;000000;18721.9300000
GDAX.BTC-USD;D;20201126;000000;17170.0000000
GDAX.BTC-USD;D;20201127;000000;17153.9500000
GDAX.BTC-USD;D;20201128;000000;17739.8500000
GDAX.BTC-USD;D;20201129;000000;18202.0400000
GDAX.BTC-USD;D;20201130;000000;19713.9400000
GDAX.BTC-USD;D;20201201;000000;18782.9700000
GDAX.BTC-USD;D;20201202;000000;19225.6300000
GDAX.BTC-USD;D;20201203;000000;19448.6400000
GDAX.BTC-USD;D;20201204;000000;18658.1000000
GDAX.BTC-USD;D;20201205;000000;19158.9600000
GDAX.BTC-USD;D;20201206;000000;19375.6000000
GDAX.BTC-USD;D;20201207;000000;19177.7100000
GDAX.BTC-USD;D;20201208;000000;18316.2200000
GDAX.BTC-USD;D;20201209;000000;18546.5500000
GDAX.BTC-USD;D;20201210;000000;18253.4400000
GDAX.BTC-USD;D;20201211;000000;18042.1500000
GDAX.BTC-USD;D;20201212;000000;18821.2800000
GDAX.BTC-USD;D;20201213;000000;19166.6500000
GDAX.BTC-USD;D;20201214;000000;19272.3700000
GDAX.BTC-USD;D;20201215;000000;19444.6000000
GDAX.BTC-USD;D;20201216;000000;21359.6500000
GDAX.BTC-USD;D;20201217;000000;22826.4800000
GDAX.BTC-USD;D;20201218;000000;23137.7600000
GDAX.BTC-USD;D;20201219;000000;23849.9900000
GDAX.BTC-USD;D;20201220;000000;23476.5100000
GDAX.BTC-USD;D;20201221;000000;22729.4000000
GDAX.BTC-USD;D;20201222;000000;23823.2700000
GDAX.BTC-USD;D;20201223;000000;23228.3500000
GDAX.BTC-USD;D;20201224;000000;23717.9600000
GDAX.BTC-USD;D;20201225;000000;24704.7100000
GDAX.BTC-USD;D;20201226;000000;26475.3500000
GDAX.BTC-USD;D;20201227;000000;26258.6500000
GDAX.BTC-USD;D;20201228;000000;27040.3600000
GDAX.BTC-USD;D;20201229;000000;27366.3500000
GDAX.BTC-USD;D;20201230;000000;28897.4200000
GDAX.BTC-USD;D;20201231;000000;28990.0800000
GDAX.BTC-USD;D;20210101;000000;29412.8400000
GDAX.BTC-USD;D;20210102;000000;32225.9100000
GDAX.BTC-USD;D;20210103;000000;33080.6600000
GDAX.BTC-USD;D;20210104;000000;32019.9900000
GDAX.BTC-USD;D;20210105;000000;34030.6400000
GDAX.BTC-USD;D;20210106;000000;36859.2600000
GDAX.BTC-USD;D;20210107;000000;39505.5600000
GDAX.BTC-USD;D;20210108;000000;40665.1500000
GDAX.BTC-USD;D;20210109;000000;40257.4300000
GDAX.BTC-USD;D;20210110;000000;38171.5700000
GDAX.BTC-USD;D;20210111;000000;35452.5900000
GDAX.BTC-USD;D;20210112;000000;34038.9800000
GDAX.BTC-USD;D;20210113;000000;37393.6600000
GDAX.BTC-USD;D;20210114;000000;39125.1400000
GDAX.BTC-USD;D;20210115;000000;36754.6700000
GDAX.BTC-USD;D;20210116;000000;36006.9400000
GDAX.BTC-USD;D;20210117;000000;35820.0000000
GDAX.BTC-USD;D;20210118;000000;36624.2300000
GDAX.BTC-USD;D;20210119;000000;35917.2800000
GDAX.BTC-USD;D;20210120;000000;35503.0900000
GDAX.BTC-USD;D;20210121;000000;30855.9500000
GDAX.BTC-USD;D;20210122;000000;32984.9300000
GDAX.BTC-USD;D;20210123;000000;32112.0100000
GDAX.BTC-USD;D;20210124;000000;32288.5600000
GDAX.BTC-USD;D;20210125;000000;32261.8700000
GDAX.BTC-USD;D;20210126;000000;32510.8200000
GDAX.BTC-USD;D;20210127;000000;30407.1300000
GDAX.BTC-USD;D;20210128;000000;33488.9900000
GDAX.BTC-USD;D;20210129;000000;34262.1100000
GDAX.BTC-USD;D;20210130;000000;34315.6300000
GDAX.BTC-USD;D;20210131;000000;33137.7400000
GDAX.BTC-USD;D;20210201;000000;33533.1900000
GDAX.BTC-USD;D;20210202;000000;35512.6700000
GDAX.BTC-USD;D;20210203;000000;37678.3700000
GDAX.BTC-USD;D;20210204;000000;36975.0000000
GDAX.BTC-USD;D;20210205;000000;38311.4900000
GDAX.BTC-USD;D;20210206;000000;39265.4300000
GDAX.BTC-USD;D;20210207;000000;38871.4200000
GDAX.BTC-USD;D;20210208;000000;46448.1000000
GDAX.BTC-USD;D;20210209;000000;46514.7300000
GDAX.BTC-USD;D;20210210;000000;44850.0000000
GDAX.BTC-USD;D;20210211;000000;47997.9100000
GDAX.BTC-USD;D;20210212;000000;47408.3400000
GDAX.BTC-USD;D;20210213;000000;47232.4500000
GDAX.BTC-USD;D;20210214;000000;48680.6900000
GDAX.BTC-USD;D;20210215;000000;47936.3700000
GDAX.BTC-USD;D;20210216;000000;49158.7100000
GDAX.BTC-USD;D;20210217;000000;52170.0100000
GDAX.BTC-USD;D;20210218;000000;51601.7300000
GDAX.BTC-USD;D;20210219;000000;55983.5600000
GDAX.BTC-USD;D;20210220;000000;55923.5200000
GDAX.BTC-USD;D;20210221;000000;57489.1600000
GDAX.BTC-USD;D;20210222;000000;54142.1300000
GDAX.BTC-USD;D;20210223;000000;48899.9900000
GDAX.BTC-USD;D;20210224;000000;49737.8200000
GDAX.BTC-USD;D;20210225;000000;47058.4800000
GDAX.BTC-USD;D;20210226;000000;46326.2000000
GDAX.BTC-USD;D;20210227;000000;46180.7500000
GDAX.BTC-USD;D;20210228;000000;45231.7500000
GDAX.BTC-USD;D;20210301;000000;49639.4000000
GDAX.BTC-USD;D;20210302;000000;48511.6000000
GDAX.BTC-USD;D;20210303;000000;50360.0000000
GDAX.BTC-USD;D;20210304;000000;48368.5200000
GDAX.BTC-USD;D;20210305;000000;48769.4700000
GDAX.BTC-USD;D;20210306;000000;48909.8400000
GDAX.BTC-USD;D;20210307;000000;50978.6100000
GDAX.BTC-USD;D;20210308;000000;52415.2300000
GDAX.BTC-USD;D;20210309;000000;54916.3800000
GDAX.BTC-USD;D;20210310;000000;55890.6900000
GDAX.BTC-USD;D;20210311;000000;57815.4700000
GDAX.BTC-USD;D;20210312;000000;57225.9100000
GDAX.BTC-USD;D;20210313;000000;61178.5000000
GDAX.BTC-USD;D;20210314;000000;58972.7000000
GDAX.BTC-USD;D;20210315;000000;55636.1500000
GDAX.BTC-USD;D;20210316;000000;56927.1100000
GDAX.BTC-USD;D;20210317;000000;58925.5400000
GDAX.BTC-USD;D;20210318;000000;57644.9500000
GDAX.BTC-USD;D;20210319;000000;58039.6600000
GDAX.BTC-USD;D;20210320;000000;58116.7000000
GDAX.BTC-USD;D;20210321;000000;57363.3200000
GDAX.BTC-USD;D;20210322;000000;54110.0700000
GDAX.BTC-USD;D;20210323;000000;54345.5400000
GDAX.BTC-USD;D;20210324;000000;52276.1600000
GDAX.BTC-USD;D;20210325;000000;51325.0100000
GDAX.BTC-USD;D;20210326;000000;55072.4400000
GDAX.BTC-USD;D;20210327;000000;54232.6700000
